Postal code,Refnis code,Gemeentenaam,Nom commune
1000,21004,Brussel,Bruxelles
1020,21004,Brussel,Bruxelles
1030,21015,Schaarbeek,Schaerbeek
1040,21004,Brussel,Bruxelles
1040,21005,Etterbeek,Etterbeek
1050,21004,Brussel,Bruxelles
1050,21009,Elsene,Ixelles
1060,21013,Sint-Gillis,Saint-Gilles
1070,21001,Anderlecht,Anderlecht
1080,21012,Sint-Jans-Molenbeek,Molenbeek-Saint-Jean
1081,21011,Koekelberg,Koekelberg
1082,21003,Sint-Agatha-Berchem,Berchem-Sainte-Agathe
1083,21008,Ganshoren,Ganshoren
1090,21010,Jette,Jette
1120,21004,Brussel,Bruxelles
1130,21004,Brussel,Bruxelles
1140,21006,Evere,Evere
1150,21019,Sint-Pieters-Woluwe,Woluwe-Saint-Pierre
1160,21002,Oudergem,Auderghem
1170,21017,Watermaal-Bosvoorde,Watermael-Boitsfort
1180,21016,Ukkel,Uccle
1190,21007,Vorst,Forest
1200,21018,Sint-Lambrechts-Woluwe,Woluwe-Saint-Lambert
1210,21014,Sint-Joost-ten-Node,Saint-Josse-ten-Noode
1300,25112,Waver,Wavre
1301,25112,Waver,Wavre
1310,25050,Terhulpen,La Hulpe
1315,25043,Incourt,Incourt
1320,25005,Bevekom,Beauvechain
1325,25018,Chaumont-Gistoux,Chaumont-Gistoux
1330,25091,Rixensart,Rixensart
1331,25091,Rixensart,Rixensart
1332,25091,Rixensart,Rixensart
1340,25121,Ottignies-Louvain-la-Neuve,Ottignies-Louvain-la-Neuve
1341,25121,Ottignies-Louvain-la-Neuve,Ottignies-Louvain-la-Neuve
1342,25121,Ottignies-Louvain-la-Neuve,Ottignies-Louvain-la-Neuve
1348,25121,Ottignies-Louvain-la-Neuve,Ottignies-Louvain-la-Neuve
1350,25120,Orp-Jauche,Orp-Jauche
1357,25118,Hélécine,Hélécine
1360,25084,Perwijs,Perwez
1367,25122,Ramillies,Ramillies
1370,25048,Geldenaken,Jodoigne
1380,25119,Lasne,Lasne
1390,25037,Graven,Grez-Doiceau
1400,25072,Nijvel,Nivelles
1401,25072,Nijvel,Nivelles
1402,25072,Nijvel,Nivelles
1404,25072,Nijvel,Nivelles
1410,25110,Waterloo,Waterloo
1420,25014,Eigenbrakel,Braine-l’Alleud
1421,25014,Eigenbrakel,Braine-l’Alleud
1428,25014,Eigenbrakel,Braine-l’Alleud
1430,25123,Rebecq,Rebecq
1435,25068,Mont-Saint-Guibert,Mont-Saint-Guibert
1440,25015,Kasteelbrakel,Braine-le-Château
1450,25117,Chastre,Chastre
1457,25124,Walhain,Walhain
1460,25044,Itter,Ittre
1461,25044,Itter,Ittre
1470,25031,Genepiën,Genappe
1471,25031,Genepiën,Genappe
1472,25031,Genepiën,Genappe
1473,25031,Genepiën,Genappe
1474,25031,Genepiën,Genappe
1476,25031,Genepiën,Genappe
1480,25105,Tubeke,Tubize
1490,25023,Court-Saint-Etienne,Court-Saint-Etienne
1495,25107,Villers-la-Ville,Villers-la-Ville
1500,23027,Halle,Hal
1501,23027,Halle,Hal
1502,23027,Halle,Hal
1540,23032,Herne,Herne
1541,23032,Herne,Herne
1547,23009,Bever,Biévène
1560,23033,Hoeilaart,Hoeilaart
1570,23023,Galmaarden,Gammerages
1600,23077,Sint-Pieters-Leeuw,Sint-Pieters-Leeuw
1601,23077,Sint-Pieters-Leeuw,Sint-Pieters-Leeuw
1602,23077,Sint-Pieters-Leeuw,Sint-Pieters-Leeuw
1620,23098,Drogenbos,Drogenbos
1630,23100,Linkebeek,Linkebeek
1640,23101,Sint-Genesius-Rode,Rhode-Saint-Genèse
1650,23003,Beersel,Beersel
1651,23003,Beersel,Beersel
1652,23003,Beersel,Beersel
1653,23003,Beersel,Beersel
1654,23003,Beersel,Beersel
1670,23064,Pepingen,Pepingen
1671,23064,Pepingen,Pepingen
1673,23064,Pepingen,Pepingen
1674,23064,Pepingen,Pepingen
1700,23016,Dilbeek,Dilbeek
1701,23016,Dilbeek,Dilbeek
1702,23016,Dilbeek,Dilbeek
1703,23016,Dilbeek,Dilbeek
1730,23002,Asse,Asse
1731,23002,Asse,Asse
1740,23086,Ternat,Ternat
1741,23086,Ternat,Ternat
1742,23086,Ternat,Ternat
1745,23060,Opwijk,Opwijk
1750,23104,Lennik,Lennik
1755,23024,Gooik,Gooik
1760,23097,Roosdaal,Roosdaal
1761,23097,Roosdaal,Roosdaal
1770,23044,Liedekerke,Liedekerke
1780,23102,Wemmel,Wemmel
1785,23052,Merchtem,Merchtem
1790,23105,Affligem,Affligem
1800,23088,Vilvoorde,Vilvorde
1804,23088,Vilvoorde,Vilvorde
1804,23096,Zemst,Zemst
1820,23081,Steenokkerzeel,Steenokkerzeel
1830,23047,Machelen,Machelen
1831,23047,Machelen,Machelen
1840,23045,Londerzeel,Londerzeel
1850,23025,Grimbergen,Grimbergen
1851,23025,Grimbergen,Grimbergen
1852,23025,Grimbergen,Grimbergen
1853,23025,Grimbergen,Grimbergen
1860,23050,Meise,Meise
1861,23050,Meise,Meise
1880,23039,Kapelle-op-den-Bos,Kapelle-op-den-Bos
1910,23038,Kampenhout,Kampenhout
1930,23094,Zaventem,Zaventem
1931,23047,Machelen,Machelen
1932,23094,Zaventem,Zaventem
1933,23094,Zaventem,Zaventem
1950,23099,Kraainem,Kraainem
1970,23103,Wezembeek-Oppem,Wezembeek-Oppem
1980,23096,Zemst,Zemst
1981,23096,Zemst,Zemst
1982,23096,Zemst,Zemst
2000,11002,Antwerpen,Anvers
2018,11002,Antwerpen,Anvers
2020,11002,Antwerpen,Anvers
2030,11002,Antwerpen,Anvers
2040,11002,Antwerpen,Anvers
2050,11002,Antwerpen,Anvers
2060,11002,Antwerpen,Anvers
2070,11056,Zwijndrecht,Zwijndrecht
2100,11002,Antwerpen,Anvers
2110,11050,Wijnegem,Wijnegem
2140,11002,Antwerpen,Anvers
2150,11007,Borsbeek,Borsbeek
2160,11052,Wommelgem,Wommelgem
2170,11002,Antwerpen,Anvers
2180,11002,Antwerpen,Anvers
2200,13011,Herentals,Herentals
2220,12014,Heist-op-den-Berg,Heist-op-den-Berg
2221,12014,Heist-op-den-Berg,Heist-op-den-Berg
2222,12014,Heist-op-den-Berg,Heist-op-den-Berg
2223,12014,Heist-op-den-Berg,Heist-op-den-Berg
2230,13013,Herselt,Herselt
2235,13016,Hulshout,Hulshout
2240,11054,Zandhoven,Zandhoven
2242,11054,Zandhoven,Zandhoven
2243,11054,Zandhoven,Zandhoven
2250,13029,Olen,Olen
2260,13049,Westerlo,Westerlo
2270,13012,Herenthout,Herenthout
2275,13019,Lille,Lille
2280,13010,Grobbendonk,Grobbendonk
2288,13010,Grobbendonk,Grobbendonk
2290,13044,Vorselaar,Vorselaar
2300,13040,Turnhout,Turnhout
2310,13037,Rijkevorsel,Rijkevorsel
2320,13014,Hoogstraten,Hoogstraten
2321,13014,Hoogstraten,Hoogstraten
2322,13014,Hoogstraten,Hoogstraten
2323,13014,Hoogstraten,Hoogstraten
2328,13014,Hoogstraten,Hoogstraten
2330,13023,Merksplas,Merksplas
2340,13004,Beerse,Beerse
2350,13046,Vosselaar,Vosselaar
2360,13031,Oud-Turnhout,Oud-Turnhout
2370,13001,Arendonk,Arendonk
2380,13035,Ravels,Ravels
2381,13035,Ravels,Ravels
2382,13035,Ravels,Ravels
2387,13002,Baarle-Hertog,Baerle-Duc
2390,11057,Malle,Malle
2400,13025,Mol,Mol
2430,13053,Laakdal,Laakdal
2431,13053,Laakdal,Laakdal
2440,13008,Geel,Geel
2450,13021,Meerhout,Meerhout
2460,13017,Kasterlee,Kasterlee
2470,13036,Retie,Retie
2480,13006,Dessel,Dessel
2490,13003,Balen,Balen
2491,13003,Balen,Balen
2500,12021,Lier,Lierre
2520,11035,Ranst,Ranst
2530,11004,Boechout,Boechout
2531,11004,Boechout,Boechout
2540,11021,Hove,Hove
2547,11025,Lint,Lint
2550,11024,Kontich,Kontich
2560,12026,Nijlen,Nijlen
2570,12009,Duffel,Duffel
2580,12029,Putte,Putte
2590,12002,Berlaar,Berlaar
2600,11002,Antwerpen,Anvers
2610,11002,Antwerpen,Anvers
2620,11018,Hemiksem,Hemiksem
2627,11038,Schelle,Schelle
2630,11001,Aartselaar,Aartselaar
2640,11029,Mortsel,Mortsel
2650,11013,Edegem,Edegem
2660,11002,Antwerpen,Anvers
2800,12025,Mechelen,Malines
2801,12025,Mechelen,Malines
2811,12025,Mechelen,Malines
2812,12025,Mechelen,Malines
2820,12005,Bonheiden,Bonheiden
2830,12040,Willebroek,Willebroek
2840,11037,Rumst,Rumst
2845,11030,Niel,Niel
2850,11005,Boom,Boom
2860,12035,Sint-Katelijne-Waver,Sint-Katelijne-Waver
2861,12035,Sint-Katelijne-Waver,Sint-Katelijne-Waver
2870,12041,Puurs-Sint-Amands,Puurs-Sint-Amands
2880,12007,Bornem,Bornem
2890,12041,Puurs-Sint-Amands,Puurs-Sint-Amands
2900,11040,Schoten,Schoten
2910,11016,Essen,Essen
2920,11022,Kalmthout,Kalmthout
2930,11008,Brasschaat,Brasschaat
2940,11044,Stabroek,Stabroek
2950,11023,Kapellen,Kapellen
2960,11009,Brecht,Brecht
2970,11039,Schilde,Schilde
2980,11055,Zoersel,Zoersel
2990,11053,Wuustwezel,Wuustwezel
3000,24062,Leuven,Louvain
3001,24062,Leuven,Louvain
3010,24062,Leuven,Louvain
3012,24062,Leuven,Louvain
3018,24062,Leuven,Louvain
3020,24038,Herent,Herent
3040,24045,Huldenberg,Huldenberg
3050,24086,Oud-Heverlee,Oud-Heverlee
3051,24086,Oud-Heverlee,Oud-Heverlee
3052,24086,Oud-Heverlee,Oud-Heverlee
3053,24086,Oud-Heverlee,Oud-Heverlee
3054,24086,Oud-Heverlee,Oud-Heverlee
3060,24009,Bertem,Bertem
3061,24009,Bertem,Bertem
3070,24055,Kortenberg,Kortenberg
3071,24055,Kortenberg,Kortenberg
3078,24055,Kortenberg,Kortenberg
3080,24104,Tervuren,Tervuren
3090,23062,Overijse,Overijse
3110,24094,Rotselaar,Rotselaar
3111,24094,Rotselaar,Rotselaar
3118,24094,Rotselaar,Rotselaar
3120,24109,Tremelo,Tremelo
3128,24109,Tremelo,Tremelo
3130,24007,Begijnendijk,Begijnendijk
3140,24048,Keerbergen,Keerbergen
3150,24033,Haacht,Haacht
3190,24014,Boortmeerbeek,Boortmeerbeek
3191,24014,Boortmeerbeek,Boortmeerbeek
3200,24001,Aarschot,Aarschot
3201,24001,Aarschot,Aarschot
3202,24001,Aarschot,Aarschot
3210,24066,Lubbeek,Lubbeek
3211,24066,Lubbeek,Lubbeek
3212,24066,Lubbeek,Lubbeek
3220,24043,Holsbeek,Holsbeek
3221,24043,Holsbeek,Holsbeek
3270,24134,Scherpenheuvel-Zichem,Montaigu-Zichem
3271,24134,Scherpenheuvel-Zichem,Montaigu-Zichem
3272,24134,Scherpenheuvel-Zichem,Montaigu-Zichem
3290,24020,Diest,Diest
3293,24020,Diest,Diest
3294,24020,Diest,Diest
3300,24107,Tienen,Tirlemont
3320,24041,Hoegaarden,Hoegaarden
3321,24041,Hoegaarden,Hoegaarden
3350,24133,Linter,Linter
3360,24011,Bierbeek,Bierbeek
3370,24016,Boutersem,Boutersem
3380,24137,Glabbeek,Glabbeek
3381,24137,Glabbeek,Glabbeek
3384,24137,Glabbeek,Glabbeek
3390,24135,Tielt-Winge,Tielt-Winge
3391,24135,Tielt-Winge,Tielt-Winge
3400,24059,Landen,Landen
3401,24059,Landen,Landen
3404,24059,Landen,Landen
3440,24130,Zoutleeuw,Léau
3450,24028,Geetbets,Geetbets
3454,24028,Geetbets,Geetbets
3460,24008,Bekkevoort,Bekkevoort
3461,24008,Bekkevoort,Bekkevoort
3470,24054,Kortenaken,Kortenaken
3471,24054,Kortenaken,Kortenaken
3472,24054,Kortenaken,Kortenaken
3473,24054,Kortenaken,Kortenaken
3500,71022,Hasselt,Hasselt
3501,71022,Hasselt,Hasselt
3510,71022,Hasselt,Hasselt
3511,71022,Hasselt,Hasselt
3512,71022,Hasselt,Hasselt
3520,71066,Zonhoven,Zonhoven
3530,72039,Houthalen-Helchteren,Houthalen-Helchteren
3540,71024,Herk-de-Stad,Herck-la-Ville
3545,71020,Halen,Halen
3550,71070,Heusden-Zolder,Heusden-Zolder
3560,71037,Lummen,Lummen
3570,73001,Alken,Alken
3580,71004,Beringen,Beringen
3581,71004,Beringen,Beringen
3582,71004,Beringen,Beringen
3583,71004,Beringen,Beringen
3590,71011,Diepenbeek,Diepenbeek
3600,71016,Genk,Genk
3620,73042,Lanaken,Lanaken
3621,73042,Lanaken,Lanaken
3630,73107,Maasmechelen,Maasmechelen
3631,73107,Maasmechelen,Maasmechelen
3640,72018,Kinrooi,Kinrooi
3650,72041,Dilsen-Stokkem,Dilsen-Stokkem
3660,72042,Oudsbergen,Oudsbergen
3665,71002,As,As
3668,71002,As,As
3670,72042,Oudsbergen,Oudsbergen
3680,72021,Maaseik,Maaseik
3690,71067,Zutendaal,Zutendaal
3700,73083,Tongeren,Tongres
3717,73028,Herstappe,Herstappe
3720,73040,Kortessem,Kortessem
3721,73040,Kortessem,Kortessem
3722,73040,Kortessem,Kortessem
3723,73040,Kortessem,Kortessem
3724,73040,Kortessem,Kortessem
3730,73032,Hoeselt,Hoeselt
3732,73032,Hoeselt,Hoeselt
3740,73006,Bilzen,Bilzen
3742,73006,Bilzen,Bilzen
3746,73006,Bilzen,Bilzen
3770,73066,Riemst,Riemst
3790,73109,Voeren,Fourons
3791,73109,Voeren,Fourons
3792,73109,Voeren,Fourons
3793,73109,Voeren,Fourons
3798,73109,Voeren,Fourons
3800,71053,Sint-Truiden,Saint-Trond
3803,71053,Sint-Truiden,Saint-Trond
3806,71053,Sint-Truiden,Saint-Trond
3830,73098,Wellen,Wellen
3831,73098,Wellen,Wellen
3832,73098,Wellen,Wellen
3840,73009,Borgloon,Looz
3850,71045,Nieuwerkerken,Nieuwerkerken
3870,73022,Heers,Heers
3890,71017,Gingelom,Gingelom
3891,71017,Gingelom,Gingelom
3900,72043,Pelt,Pelt
3910,72043,Pelt,Pelt
3920,72020,Lommel,Lommel
3930,72037,Hamont-Achel,Hamont-Achel
3940,72038,Hechtel-Eksel,Hechtel-Eksel
3941,72038,Hechtel-Eksel,Hechtel-Eksel
3945,71069,Ham,Ham
3950,72003,Bocholt,Bocholt
3960,72004,Bree,Bree
3970,71034,Leopoldsburg,Bourg-Léopold
3971,71034,Leopoldsburg,Bourg-Léopold
3980,71057,Tessenderlo,Tessenderlo
3990,72030,Peer,Peer
4000,62063,Luik,Liège
4020,62063,Luik,Liège
4030,62063,Luik,Liège
4031,62063,Luik,Liège
4032,62063,Luik,Liège
4040,62051,Herstal,Herstal
4041,62051,Herstal,Herstal
4042,62051,Herstal,Herstal
4050,62022,Chaudfontaine,Chaudfontaine
4051,62022,Chaudfontaine,Chaudfontaine
4052,62022,Chaudfontaine,Chaudfontaine
4053,62022,Chaudfontaine,Chaudfontaine
4100,62096,Seraing,Seraing
4101,62096,Seraing,Seraing
4102,62096,Seraing,Seraing
4120,62121,Neupré,Neupré
4121,62121,Neupré,Neupré
4122,62121,Neupré,Neupré
4130,62032,Esneux,Esneux
4140,62100,Sprimont,Sprimont
4141,62100,Sprimont,Sprimont
4160,61079,Anthisnes,Anthisnes
4161,61079,Anthisnes,Anthisnes
4162,61079,Anthisnes,Anthisnes
4163,61079,Anthisnes,Anthisnes
4170,62026,Comblain-au-Pont,Comblain-au-Pont
4171,62026,Comblain-au-Pont,Comblain-au-Pont
4180,61024,Hamoir,Hamoir
4181,61024,Hamoir,Hamoir
4190,61019,Ferrières,Ferrières
4210,61010,Burdinne,Burdinne
4217,61028,Héron,Héron
4218,61028,Héron,Héron
4219,64075,Wasseiges,Wasseiges
4250,64029,Geer,Geer
4252,64029,Geer,Geer
4253,64029,Geer,Geer
4254,64029,Geer,Geer
4257,64008,Berloz,Berloz
4260,64015,Braives,Braives
4261,64015,Braives,Braives
4263,64015,Braives,Braives
4280,64034,Hannuit,Hannut
4287,64047,Lijsem,Lincent
4300,64074,Borgworm,Waremme
4317,64076,Faimes,Faimes
4340,62006,Awans,Awans
4342,62006,Awans,Awans
4347,64025,Fexhe-le-Haut-Clocher,Fexhe-le-Haut-Clocher
4350,64063,Remicourt,Remicourt
4351,64063,Remicourt,Remicourt
4357,64023,Donceel,Donceel
4360,64056,Oerle,Oreye
4367,64021,Crisnée,Crisnée
4400,62120,Flémalle,Flémalle
4420,62093,Saint-Nicolas,Saint-Nicolas
4430,62003,Ans,Ans
4431,62003,Ans,Ans
4432,62003,Ans,Ans
4450,62060,Juprelle,Juprelle
4451,62060,Juprelle,Juprelle
4452,62060,Juprelle,Juprelle
4453,62060,Juprelle,Juprelle
4458,62060,Juprelle,Juprelle
4460,62118,Grâce-Hollogne,Grâce-Hollogne
4470,64065,Saint-Georges-sur-Meuse,Saint-Georges-sur-Meuse
4480,61080,Engis,Engis
4500,61031,Hoei,Huy
4520,61072,Wanze,Wanze
4530,61068,Villers-Le-Bouillet,Villers-Le-Bouillet
4537,61063,Verlaine,Verlaine
4540,61003,Amay,Amay
4550,61043,Nandrin,Nandrin
4557,61081,Tinlot,Tinlot
4560,61012,Clavier,Clavier
4570,61039,Marchin,Marchin
4577,61041,Modave,Modave
4590,61048,Ouffet,Ouffet
4600,62108,Wezet,Visé
4601,62108,Wezet,Visé
4602,62108,Wezet,Visé
4606,62027,Dalhem,Dalhem
4607,62027,Dalhem,Dalhem
4608,62027,Dalhem,Dalhem
4610,62015,Beyne-Heusay,Beyne-Heusay
4620,62038,Fléron,Fléron
4621,62038,Fléron,Fléron
4623,62038,Fléron,Fléron
4624,62038,Fléron,Fléron
4630,62099,Soumagne,Soumagne
4631,62099,Soumagne,Soumagne
4632,62099,Soumagne,Soumagne
4633,62099,Soumagne,Soumagne
4650,63035,Herve,Herve
4651,63035,Herve,Herve
4652,63035,Herve,Herve
4653,63035,Herve,Herve
4654,63035,Herve,Herve
4670,62119,Blegny,Blegny
4671,62119,Blegny,Blegny
4672,62119,Blegny,Blegny
4680,62079,Oupeye,Oupeye
4681,62079,Oupeye,Oupeye
4682,62079,Oupeye,Oupeye
4683,62079,Oupeye,Oupeye
4684,62079,Oupeye,Oupeye
4690,62011,Bitsingen,Bassenge
4700,63023,Eupen,Eupen
4701,63023,Eupen,Eupen
4710,63048,Lontzen,Lontzen
4711,63048,Lontzen,Lontzen
4720,63040,Kelmis,La Calamine
4721,63040,Kelmis,La Calamine
4728,63040,Kelmis,La Calamine
4730,63061,Raeren,Raeren
4731,63061,Raeren,Raeren
4750,63013,Bütgenbach,Butgenbach
4760,63012,Büllingen,Bullange
4761,63012,Büllingen,Bullange
4770,63001,Amel,Amblève
4771,63001,Amel,Amblève
4780,63067,Sankt Vith,Saint-Vith
4782,63067,Sankt Vith,Saint-Vith
4783,63067,Sankt Vith,Saint-Vith
4784,63067,Sankt Vith,Saint-Vith
4790,63087,Burg-Reuland,Burg-Reuland
4791,63087,Burg-Reuland,Burg-Reuland
4800,63079,Verviers,Verviers
4801,63079,Verviers,Verviers
4802,63079,Verviers,Verviers
4820,63020,Dison,Dison
4821,63020,Dison,Dison
4830,63046,Limburg,Limbourg
4831,63046,Limburg,Limbourg
4834,63046,Limburg,Limbourg
4837,63004,Baelen,Baelen
4840,63084,Welkenraedt,Welkenraedt
4841,63084,Welkenraedt,Welkenraedt
4845,63038,Jalhay,Jalhay
4850,63088,Plombières,Plombières
4851,63088,Plombières,Plombières
4852,63088,Plombières,Plombières
4860,63058,Pepinster,Pepinster
4861,63058,Pepinster,Pepinster
4870,62122,Trooz,Trooz
4877,63057,Olne,Olne
4880,63003,Aubel,Aubel
4890,63089,Thimister-Clermont,Thimister-Clermont
4900,63072,Spa,Spa
4910,63076,Theux,Theux
4920,62009,Aywaille,Aywaille
4950,63080,Weismes,Waimes
4960,63049,Malmedy,Malmedy
4970,63073,Stavelot,Stavelot
4980,63086,Trois-Ponts,Trois-Ponts
4983,63086,Trois-Ponts,Trois-Ponts
4987,63075,Stoumont,Stoumont
4990,63045,Lierneux,Lierneux
5000,92094,Namen,Namur
5001,92094,Namen,Namur
5002,92094,Namen,Namur
5003,92094,Namen,Namur
5004,92094,Namen,Namur
5020,92094,Namen,Namur
5021,92094,Namen,Namur
5022,92094,Namen,Namur
5024,92094,Namen,Namur
5030,92142,Gembloux,Gembloux
5031,92142,Gembloux,Gembloux
5032,92142,Gembloux,Gembloux
5060,92137,Sambreville,Sambreville
5070,92048,Fosses-la-Ville,Fosses-la-Ville
5080,92141,La Bruyère,La Bruyère
5081,92141,La Bruyère,La Bruyère
5100,92094,Namen,Namur
5101,92094,Namen,Namur
5140,92114,Sombreffe,Sombreffe
5150,92045,Floreffe,Floreffe
5170,92101,Profondeville,Profondeville
5190,92140,Jemeppe-sur-Sambre,Jemeppe-sur-Sambre
5300,92003,Andenne,Andenne
5310,92035,Eghezée,Eghezée
5330,92006,Assesse,Assesse
5332,92006,Assesse,Assesse
5333,92006,Assesse,Assesse
5334,92006,Assesse,Assesse
5336,92006,Assesse,Assesse
5340,92054,Gesves,Gesves
5350,92097,Ohey,Ohey
5351,92097,Ohey,Ohey
5352,92097,Ohey,Ohey
5353,92097,Ohey,Ohey
5354,92097,Ohey,Ohey
5360,91059,Hamois,Hamois
5361,91059,Hamois,Hamois
5362,91059,Hamois,Hamois
5363,91059,Hamois,Hamois
5364,91059,Hamois,Hamois
5370,91064,Havelange,Havelange
5372,91064,Havelange,Havelange
5374,91064,Havelange,Havelange
5376,91064,Havelange,Havelange
5377,91120,Somme-Leuze,Somme-Leuze
5380,92138,Fernelmont,Fernelmont
5500,91034,Dinant,Dinant
5501,91034,Dinant,Dinant
5502,91034,Dinant,Dinant
5503,91034,Dinant,Dinant
5504,91034,Dinant,Dinant
5520,91103,Onhaye,Onhaye
5521,91103,Onhaye,Onhaye
5522,91103,Onhaye,Onhaye
5523,91103,Onhaye,Onhaye
5524,91103,Onhaye,Onhaye
5530,91141,Yvoir,Yvoir
5537,91005,Anhée,Anhée
5540,91142,Hastière,Hastière
5541,91142,Hastière,Hastière
5542,91142,Hastière,Hastière
5543,91142,Hastière,Hastière
5544,91142,Hastière,Hastière
5550,91143,Vresse-sur-Semois,Vresse-sur-Semois
5555,91015,Bièvre,Bièvre
5560,91072,Houyet,Houyet
5561,91072,Houyet,Houyet
5562,91072,Houyet,Houyet
5563,91072,Houyet,Houyet
5564,91072,Houyet,Houyet
5570,91013,Beauraing,Beauraing
5571,91013,Beauraing,Beauraing
5572,91013,Beauraing,Beauraing
5573,91013,Beauraing,Beauraing
5574,91013,Beauraing,Beauraing
5575,91054,Gedinne,Gedinne
5576,91013,Beauraing,Beauraing
5580,91114,Rochefort,Rochefort
5590,91030,Ciney,Ciney
5600,93056,Philippeville,Philippeville
5620,93022,Florennes,Florennes
5621,93022,Florennes,Florennes
5630,93010,Cerfontaine,Cerfontaine
5640,92087,Mettet,Mettet
5641,92087,Mettet,Mettet
5644,92087,Mettet,Mettet
5646,92087,Mettet,Mettet
5650,93088,Walcourt,Walcourt
5651,93088,Walcourt,Walcourt
5660,93014,Couvin,Couvin
5670,93090,Viroinval,Viroinval
5680,93018,Doische,Doische
6000,52011,Charleroi,Charleroi
6001,52011,Charleroi,Charleroi
6010,52011,Charleroi,Charleroi
6020,52011,Charleroi,Charleroi
6030,52011,Charleroi,Charleroi
6031,52011,Charleroi,Charleroi
6032,52011,Charleroi,Charleroi
6040,52011,Charleroi,Charleroi
6041,52011,Charleroi,Charleroi
6042,52011,Charleroi,Charleroi
6043,52011,Charleroi,Charleroi
6044,52011,Charleroi,Charleroi
6060,52011,Charleroi,Charleroi
6061,52011,Charleroi,Charleroi
6110,52048,Montigny-le-Tilleul,Montigny-le-Tilleul
6111,52048,Montigny-le-Tilleul,Montigny-le-Tilleul
6120,56086,Ham-sur-Heure-Nalinnes,Ham-sur-Heure-Nalinnes
6140,52022,Fontaine-l’Evêque,Fontaine-l’Evêque
6141,52022,Fontaine-l’Evêque,Fontaine-l’Evêque
6142,52022,Fontaine-l’Evêque,Fontaine-l’Evêque
6150,56001,Anderlues,Anderlues
6180,52015,Courcelles,Courcelles
6181,52015,Courcelles,Courcelles
6182,52015,Courcelles,Courcelles
6183,52015,Courcelles,Courcelles
6200,52012,Châtelet,Châtelet
6210,52075,Les Bons Villers,Les Bons Villers
6211,52075,Les Bons Villers,Les Bons Villers
6220,52021,Fleurus,Fleurus
6221,52021,Fleurus,Fleurus
6222,52021,Fleurus,Fleurus
6223,52021,Fleurus,Fleurus
6224,52021,Fleurus,Fleurus
6230,52055,Pont-à-Celles,Pont-à-Celles
6238,52055,Pont-à-Celles,Pont-à-Celles
6240,52018,Farciennes,Farciennes
6250,52074,Aiseau-Presles,Aiseau-Presles
6280,52025,Gerpinnes,Gerpinnes
6440,56029,Froidchapelle,Froidchapelle
6441,56029,Froidchapelle,Froidchapelle
6460,56016,Chimay,Chimay
6461,56016,Chimay,Chimay
6462,56016,Chimay,Chimay
6463,56016,Chimay,Chimay
6464,56016,Chimay,Chimay
6470,56088,Sivry-Rance,Sivry-Rance
6500,56005,Beaumont,Beaumont
6511,56005,Beaumont,Beaumont
6530,56078,Thuin,Thuin
6531,56078,Thuin,Thuin
6532,56078,Thuin,Thuin
6533,56078,Thuin,Thuin
6534,56078,Thuin,Thuin
6536,56078,Thuin,Thuin
6540,56044,Lobbes,Lobbes
6542,56044,Lobbes,Lobbes
6543,56044,Lobbes,Lobbes
6560,56022,Erquelinnes,Erquelinnes
6567,56049,Merbes-le-Château,Merbes-le-Château
6590,56051,Momignies,Momignies
6591,56051,Momignies,Momignies
6592,56051,Momignies,Momignies
6593,56051,Momignies,Momignies
6594,56051,Momignies,Momignies
6596,56051,Momignies,Momignies
6600,82003,Bastenaken,Bastogne
6630,81013,Martelange,Martelange
6637,82009,Fauvillers,Fauvillers
6640,82036,Vaux-sur-Sûre,Vaux-sur-Sûre
6642,82036,Vaux-sur-Sûre,Vaux-sur-Sûre
6660,82014,Houffalize,Houffalize
6661,82014,Houffalize,Houffalize
6662,82014,Houffalize,Houffalize
6663,82014,Houffalize,Houffalize
6666,82014,Houffalize,Houffalize
6670,82037,Gouvy,Gouvy
6671,82037,Gouvy,Gouvy
6672,82037,Gouvy,Gouvy
6673,82037,Gouvy,Gouvy
6674,82037,Gouvy,Gouvy
6680,82038,Sainte-Ode,Sainte-Ode
6681,82038,Sainte-Ode,Sainte-Ode
6686,82005,Bertogne,Bertogne
6687,82005,Bertogne,Bertogne
6688,82005,Bertogne,Bertogne
6690,82032,Vielsalm,Vielsalm
6692,82032,Vielsalm,Vielsalm
6698,82032,Vielsalm,Vielsalm
6700,81001,Aarlen,Arlon
6704,81001,Aarlen,Arlon
6706,81001,Aarlen,Arlon
6717,81003,Attert,Attert
6720,85046,Habay,Habay
6721,85046,Habay,Habay
6723,85046,Habay,Habay
6724,85046,Habay,Habay
6730,85039,Tintigny,Tintigny
6740,85009,Etalle,Etalle
6741,85009,Etalle,Etalle
6742,85009,Etalle,Etalle
6743,85009,Etalle,Etalle
6747,85034,Saint-Léger,Saint-Léger
6750,85026,Musson,Musson
6760,85045,Virton,Virton
6761,85045,Virton,Virton
6762,85045,Virton,Virton
6767,85047,Rouvroy,Rouvroy
6769,85024,Meix-devant-Virton,Meix-devant-Virton
6780,81015,Messancy,Messancy
6781,81015,Messancy,Messancy
6782,81015,Messancy,Messancy
6790,81004,Aubange,Aubange
6791,81004,Aubange,Aubange
6792,81004,Aubange,Aubange
6800,84077,Libramont-Chevigny,Libramont-Chevigny
6810,85007,Chiny,Chiny
6811,85007,Chiny,Chiny
6812,85007,Chiny,Chiny
6813,85007,Chiny,Chiny
6820,85011,Florenville,Florenville
6821,85011,Florenville,Florenville
6823,85011,Florenville,Florenville
6824,85011,Florenville,Florenville
6830,84010,Bouillon,Bouillon
6831,84010,Bouillon,Bouillon
6832,84010,Bouillon,Bouillon
6833,84010,Bouillon,Bouillon
6834,84010,Bouillon,Bouillon
6836,84010,Bouillon,Bouillon
6838,84010,Bouillon,Bouillon
6840,84043,Neufchâteau,Neufchâteau
6850,84050,Paliseul,Paliseul
6851,84050,Paliseul,Paliseul
6852,84050,Paliseul,Paliseul
6853,84050,Paliseul,Paliseul
6856,84050,Paliseul,Paliseul
6860,84033,Léglise,Léglise
6870,84059,Saint-Hubert,Saint-Hubert
6880,84009,Bertrix,Bertrix
6887,84029,Herbeumont,Herbeumont
6890,84035,Libin,Libin
6900,83034,Marche-en-Famenne,Marche-en-Famenne
6920,84075,Wellin,Wellin
6921,84075,Wellin,Wellin
6922,84075,Wellin,Wellin
6924,84075,Wellin,Wellin
6927,84068,Tellin,Tellin
6929,84016,Daverdisse,Daverdisse
6940,83012,Durbuy,Durbuy
6941,83012,Durbuy,Durbuy
6950,83040,Nassogne,Nassogne
6951,83040,Nassogne,Nassogne
6952,83040,Nassogne,Nassogne
6953,83040,Nassogne,Nassogne
6960,83055,Manhay,Manhay
6970,83049,Tenneville,Tenneville
6971,83049,Tenneville,Tenneville
6972,83049,Tenneville,Tenneville
6980,83031,La Roche-en-Ardenne,La Roche-en-Ardenne
6982,83031,La Roche-en-Ardenne,La Roche-en-Ardenne
6983,83031,La Roche-en-Ardenne,La Roche-en-Ardenne
6984,83031,La Roche-en-Ardenne,La Roche-en-Ardenne
6986,83031,La Roche-en-Ardenne,La Roche-en-Ardenne
6987,83044,Rendeux,Rendeux
6990,83028,Hotton,Hotton
6997,83013,Erezée,Erezée
7000,53053,Bergen,Mons
7010,53053,Bergen,Mons
7011,53053,Bergen,Mons
7012,53053,Bergen,Mons
7020,53053,Bergen,Mons
7021,53053,Bergen,Mons
7022,53053,Bergen,Mons
7024,53053,Bergen,Mons
7030,53053,Bergen,Mons
7031,53053,Bergen,Mons
7032,53053,Bergen,Mons
7033,53053,Bergen,Mons
7034,53053,Bergen,Mons
7040,53084,Quévy,Quévy
7041,53084,Quévy,Quévy
7050,53044,Jurbeke,Jurbise
7060,55040,Zinnik,Soignies
7061,55040,Zinnik,Soignies
7062,55040,Zinnik,Soignies
7063,55040,Zinnik,Soignies
7070,55035,Le Roeulx,Le Roeulx
7080,53028,Frameries,Frameries
7090,55004,’s Gravenbrakel,Braine-le-Comte
7100,58001,La Louvière,La Louvière
7110,58001,La Louvière,La Louvière
7120,58003,Estinnes,Estinnes
7130,58002,Binche,Binche
7131,58002,Binche,Binche
7133,58002,Binche,Binche
7134,58002,Binche,Binche
7140,58004,Morlanwelz,Morlanwelz
7141,58004,Morlanwelz,Morlanwelz
7160,52010,Chapelle-lez-Herlaimont,Chapelle-lez-Herlaimont
7170,55086,Manage,Manage
7180,55085,Seneffe,Seneffe
7181,55085,Seneffe,Seneffe
7190,55050,Ecaussinnes,Ecaussinnes
7191,55050,Ecaussinnes,Ecaussinnes
7300,53014,Boussu,Boussu
7301,53014,Boussu,Boussu
7320,51009,Bernissart,Bernissart
7321,51009,Bernissart,Bernissart
7322,51009,Bernissart,Bernissart
7330,53070,Saint-Ghislain,Saint-Ghislain
7331,53070,Saint-Ghislain,Saint-Ghislain
7332,53070,Saint-Ghislain,Saint-Ghislain
7333,53070,Saint-Ghislain,Saint-Ghislain
7334,53070,Saint-Ghislain,Saint-Ghislain
7340,53082,Colfontaine,Colfontaine
7350,53039,Hensies,Hensies
7370,53020,Dour,Dour
7380,53068,Quiévrain,Quiévrain
7382,53068,Quiévrain,Quiévrain
7387,53083,Honnelles,Honnelles
7390,53065,Quaregnon,Quaregnon
7500,57081,Doornik,Tournai
7501,57081,Doornik,Tournai
7502,57081,Doornik,Tournai
7503,57081,Doornik,Tournai
7504,57081,Doornik,Tournai
7506,57081,Doornik,Tournai
7520,57081,Doornik,Tournai
7521,57081,Doornik,Tournai
7522,57081,Doornik,Tournai
7530,57081,Doornik,Tournai
7531,57081,Doornik,Tournai
7532,57081,Doornik,Tournai
7533,57081,Doornik,Tournai
7534,57081,Doornik,Tournai
7536,57081,Doornik,Tournai
7538,57081,Doornik,Tournai
7540,57081,Doornik,Tournai
7542,57081,Doornik,Tournai
7543,57081,Doornik,Tournai
7548,57081,Doornik,Tournai
7600,57064,Péruwelz,Péruwelz
7601,57064,Péruwelz,Péruwelz
7602,57064,Péruwelz,Péruwelz
7603,57064,Péruwelz,Péruwelz
7604,57064,Péruwelz,Péruwelz
7608,57064,Péruwelz,Péruwelz
7610,57072,Rumes,Rumes
7611,57072,Rumes,Rumes
7618,57072,Rumes,Rumes
7620,57093,Brunehaut,Brunehaut
7621,57093,Brunehaut,Brunehaut
7622,57093,Brunehaut,Brunehaut
7623,57093,Brunehaut,Brunehaut
7624,57093,Brunehaut,Brunehaut
7640,57003,Antoing,Antoing
7641,57003,Antoing,Antoing
7642,57003,Antoing,Antoing
7643,57003,Antoing,Antoing
7700,57096,Moeskroen,Mouscron
7711,57096,Moeskroen,Mouscron
7712,57096,Moeskroen,Mouscron
7730,57027,Estaimpuis,Estaimpuis
7740,57062,Pecq,Pecq
7742,57062,Pecq,Pecq
7743,57062,Pecq,Pecq
7750,57095,Mont-de-l’Enclus,Mont-de-l’Enclus
7760,57018,Celles,Celles
7780,57097,Komen-Waasten,Comines-Warneton
7781,57097,Komen-Waasten,Comines-Warneton
7782,57097,Komen-Waasten,Comines-Warneton
7783,57097,Komen-Waasten,Comines-Warneton
7784,57097,Komen-Waasten,Comines-Warneton
7800,51004,Aat,Ath
7801,51004,Aat,Ath
7802,51004,Aat,Ath
7803,51004,Aat,Ath
7804,51004,Aat,Ath
7810,51004,Aat,Ath
7811,51004,Aat,Ath
7812,51004,Aat,Ath
7822,51004,Aat,Ath
7823,51004,Aat,Ath
7830,51068,Opzullik,Silly
7850,51067,Edingen,Enghien
7860,51069,Lessen,Lessines
7861,51069,Lessen,Lessines
7862,51069,Lessen,Lessines
7863,51069,Lessen,Lessines
7864,51069,Lessen,Lessines
7866,51069,Lessen,Lessines
7870,53046,Lens,Lens
7880,51019,Vloesberg,Flobecq
7890,51017,Elzele,Ellezelles
7900,57094,Leuze-en-Hainaut,Leuze-en-Hainaut
7901,57094,Leuze-en-Hainaut,Leuze-en-Hainaut
7903,57094,Leuze-en-Hainaut,Leuze-en-Hainaut
7904,57094,Leuze-en-Hainaut,Leuze-en-Hainaut
7906,57094,Leuze-en-Hainaut,Leuze-en-Hainaut
7910,51065,Frasnes-lez-Anvaing,Frasnes-lez-Anvaing
7911,51065,Frasnes-lez-Anvaing,Frasnes-lez-Anvaing
7912,51065,Frasnes-lez-Anvaing,Frasnes-lez-Anvaing
7940,51012,Brugelette,Brugelette
7941,51012,Brugelette,Brugelette
7942,51012,Brugelette,Brugelette
7943,51012,Brugelette,Brugelette
7950,51014,Chièvres,Chièvres
7951,51014,Chièvres,Chièvres
7970,51008,Beloeil,Beloeil
7971,51008,Beloeil,Beloeil
7972,51008,Beloeil,Beloeil
7973,51008,Beloeil,Beloeil
8000,31005,Brugge,Bruges
8020,31022,Oostkamp,Oostkamp
8200,31005,Brugge,Bruges
8210,31040,Zedelgem,Zedelgem
8211,31040,Zedelgem,Zedelgem
8300,31043,Knokke-Heist,Knokke-Heist
8301,31043,Knokke-Heist,Knokke-Heist
8310,31005,Brugge,Bruges
8340,31006,Damme,Damme
8370,31004,Blankenberge,Blankenberge
8377,31042,Zuienkerke,Zuienkerke
8380,31005,Brugge,Bruges
8400,35013,Oostende,Ostende
8420,35029,De Haan,De Haan
8421,35029,De Haan,De Haan
8430,35011,Middelkerke,Middelkerke
8431,35011,Middelkerke,Middelkerke
8432,35011,Middelkerke,Middelkerke
8433,35011,Middelkerke,Middelkerke
8434,35011,Middelkerke,Middelkerke
8450,35002,Bredene,Bredene
8460,35014,Oudenburg,Oudenburg
8470,35005,Gistel,Gistel
8480,35006,Ichtegem,Ichtegem
8490,31012,Jabbeke,Jabbeke
8500,34022,Kortrijk,Courtrai
8501,34022,Kortrijk,Courtrai
8510,34022,Kortrijk,Courtrai
8511,34022,Kortrijk,Courtrai
8520,34023,Kuurne,Kuurne
8530,34013,Harelbeke,Harelbeke
8531,34013,Harelbeke,Harelbeke
8540,34009,Deerlijk,Deerlijk
8550,34042,Zwevegem,Zwevegem
8551,34042,Zwevegem,Zwevegem
8552,34042,Zwevegem,Zwevegem
8553,34042,Zwevegem,Zwevegem
8554,34042,Zwevegem,Zwevegem
8560,34041,Wevelgem,Wevelgem
8570,34002,Anzegem,Anzegem
8572,34002,Anzegem,Anzegem
8573,34002,Anzegem,Anzegem
8580,34003,Avelgem,Avelgem
8581,34003,Avelgem,Avelgem
8582,34003,Avelgem,Avelgem
8583,34003,Avelgem,Avelgem
8587,34043,Spiere-Helkijn,Espierres-Helchin
8600,32003,Diksmuide,Dixmude
8610,32011,Kortemark,Kortemark
8620,38016,Nieuwpoort,Nieuport
8630,38025,Veurne,Furnes
8640,33041,Vleteren,Vleteren
8647,32030,Lo-Reninge,Lo-Reninge
8650,32006,Houthulst,Houthulst
8660,38008,De Panne,La Panne
8670,38014,Koksijde,Koksijde
8680,32010,Koekelare,Koekelare
8690,38002,Alveringem,Alveringem
8691,38002,Alveringem,Alveringem
8700,37015,Tielt,Tielt
8710,37017,Wielsbeke,Wielsbeke
8720,37002,Dentergem,Dentergem
8730,31003,Beernem,Beernem
8740,37011,Pittem,Pittem
8750,37018,Wingene,Wingene
8755,37012,Ruiselede,Ruiselede
8760,37007,Meulebeke,Meulebeke
8770,36007,Ingelmunster,Ingelmunster
8780,37010,Oostrozebeke,Oostrozebeke
8790,34040,Waregem,Waregem
8791,34040,Waregem,Waregem
8792,34040,Waregem,Waregem
8793,34040,Waregem,Waregem
8800,36015,Roeselare,Roulers
8810,36011,Lichtervelde,Lichtervelde
8820,31033,Torhout,Torhout
8830,36006,Hooglede,Hooglede
8840,36019,Staden,Staden
8850,37020,Ardooie,Ardooie
8851,37020,Ardooie,Ardooie
8860,34025,Lendelede,Lendelede
8870,36008,Izegem,Izegem
8880,36010,Ledegem,Ledegem
8890,36012,Moorslede,Moorslede
8900,33011,Ieper,Ypres
8902,33011,Ieper,Ypres
8904,33011,Ieper,Ypres
8906,33011,Ieper,Ypres
8908,33011,Ieper,Ypres
8920,33040,Langemark-Poelkapelle,Langemark-Poelkapelle
8930,34027,Menen,Menin
8940,33029,Wervik,Wervik
8950,33039,Heuvelland,Heuvelland
8951,33039,Heuvelland,Heuvelland
8952,33039,Heuvelland,Heuvelland
8953,33039,Heuvelland,Heuvelland
8954,33039,Heuvelland,Heuvelland
8956,33039,Heuvelland,Heuvelland
8957,33016,Mesen,Messines
8958,33039,Heuvelland,Heuvelland
8970,33021,Poperinge,Poperinge
8972,33021,Poperinge,Poperinge
8978,33021,Poperinge,Poperinge
8980,33037,Zonnebeke,Zonnebeke
9000,44021,Gent,Gand
9030,44021,Gent,Gand
9031,44021,Gent,Gand
9032,44021,Gent,Gand
9040,44021,Gent,Gand
9041,44021,Gent,Gand
9042,44021,Gent,Gand
9050,44021,Gent,Gand
9051,44021,Gent,Gand
9052,44021,Gent,Gand
9060,43018,Zelzate,Zelzate
9070,44013,Destelbergen,Destelbergen
9080,44034,Lochristi,Lochristi
9090,44040,Melle,Melle
9100,46021,Sint-Niklaas,Saint-Nicolas
9111,46021,Sint-Niklaas,Saint-Nicolas
9112,46021,Sint-Niklaas,Saint-Nicolas
9120,46003,Beveren,Beveren
9130,46003,Beveren,Beveren
9140,46025,Temse,Tamise
9150,46013,Kruibeke,Kruibeke
9160,46014,Lokeren,Lokeren
9170,46020,Sint-Gillis-Waas,Sint-Gillis-Waas
9180,44045,Moerbeke,Moerbeke
9185,44073,Wachtebeke,Wachtebeke
9190,46024,Stekene,Stekene
9200,42006,Dendermonde,Termonde
9220,42008,Hamme,Hamme
9230,42025,Wetteren,Wetteren
9240,42028,Zele,Zele
9250,42023,Waasmunster,Waasmunster
9255,42004,Buggenhout,Buggenhout
9260,42026,Wichelen,Wichelen
9270,42010,Laarne,Laarne
9280,42011,Lebbeke,Lebbeke
9290,42003,Berlare,Berlare
9300,41002,Aalst,Alost
9308,41002,Aalst,Alost
9310,41002,Aalst,Alost
9320,41002,Aalst,Alost
9340,41034,Lede,Lede
9400,41048,Ninove,Ninove
9401,41048,Ninove,Ninove
9402,41048,Ninove,Ninove
9403,41048,Ninove,Ninove
9404,41048,Ninove,Ninove
9406,41048,Ninove,Ninove
9420,41082,Erpe-Mere,Erpe-Mere
9450,41024,Haaltert,Haaltert
9451,41024,Haaltert,Haaltert
9470,41011,Denderleeuw,Denderleeuw
9472,41011,Denderleeuw,Denderleeuw
9473,41011,Denderleeuw,Denderleeuw
9500,41018,Geraardsbergen,Grammont
9506,41018,Geraardsbergen,Grammont
9520,41063,Sint-Lievens-Houtem,Sint-Lievens-Houtem
9521,41063,Sint-Lievens-Houtem,Sint-Lievens-Houtem
9550,41027,Herzele,Herzele
9551,41027,Herzele,Herzele
9552,41027,Herzele,Herzele
9570,45063,Lierde,Lierde
9571,45063,Lierde,Lierde
9572,45063,Lierde,Lierde
9600,45041,Ronse,Renaix
9620,41081,Zottegem,Zottegem
9630,45065,Zwalm,Zwalin
9636,45065,Zwalm,Zwalin
9660,45059,Brakel,Brakel
9661,45059,Brakel,Brakel
9667,45062,Horebeke,Horebeke
9680,45064,Maarkedal,Maarkedal
9681,45064,Maarkedal,Maarkedal
9688,45064,Maarkedal,Maarkedal
9690,45060,Kluisbergen,Kluisbergen
9700,45035,Oudenaarde,Audenarde
9750,45068,Kruisem,Kruisem
9770,45068,Kruisem,Kruisem
9771,45068,Kruisem,Kruisem
9772,45068,Kruisem,Kruisem
9790,45061,Wortegem-Petegem,Wortegem-Petegem
9800,44083,Deinze,Deinze
9810,44048,Nazareth,Nazareth
9820,44043,Merelbeke,Merelbeke
9830,44064,Sint-Martens-Latem,Sint-Martens-Latem
9831,44064,Sint-Martens-Latem,Sint-Martens-Latem
9840,44012,De Pinte,De Pinte
9850,44083,Deinze,Deinze
9860,44052,Oosterzele,Oosterzele
9870,44081,Zulte,Zulte
9880,44084,Aalter,Aalter
9881,44084,Aalter,Aalter
9890,44020,Gavere,Gavere
9900,43005,Eeklo,Eeklo
9910,44084,Aalter,Aalter
9920,44085,Lievegem,Lievegem
9921,44085,Lievegem,Lievegem
9930,44085,Lievegem,Lievegem
9931,44085,Lievegem,Lievegem
9932,44085,Lievegem,Lievegem
9940,44019,Evergem,Evergem
9950,44085,Lievegem,Lievegem
9960,43002,Assenede,Assenede
9961,43002,Assenede,Assenede
9968,43002,Assenede,Assenede
9970,43007,Kaprijke,Kaprijke
9971,43007,Kaprijke,Kaprijke
9980,43014,Sint-Laureins,Sint-Laureins
9981,43014,Sint-Laureins,Sint-Laureins
9982,43014,Sint-Laureins,Sint-Laureins
9988,43014,Sint-Laureins,Sint-Laureins
9990,43010,Maldegem,Maldegem
9991,43010,Maldegem,Maldegem
9992,43010,Maldegem,Maldegem